Number of UEs,Average Energy Consumption
5,41.324182126679915
10,121.90417149873551
15,171.34073182723878
20,224.0034265719582
25,283.0472783575679
30,312.7022750552101
